"Location","Year","Readings"
"A",2010,137.834017105538
"A",2010,136.905428244874
"A",2010,139.989053226201
"A",2010,137.269741797221
"A",2010,125.644965802386
"A",2010,134.842477042783
"A",2010,135.655396189049
"A",2010,127.997189185327
"A",2010,133.348811136201
"A",2010,135.636574783624
"A",2010,123.299366502311
"A",2010,134.275676941204
"A",2010,127.024517622288
"A",2010,131.193517725777
"A",2010,125.617959529678
"A",2010,128.328259779546
"A",2010,127.935209054028
"A",2010,126.648978891786
"A",2010,135.335242902651
"A",2010,142.653621863587
"A",2010,131.708229634366
"A",2010,129.780993965485
"A",2010,121.478507988029
"A",2010,122.891708227252
"A",2010,126.396384781724
"A",2010,127.273333628743
"A",2010,131.819086578082
"A",2010,138.081449622817
"A",2010,136.585335760819
"A",2010,128.591574857546
"A",2010,125.90732907078
"A",2010,126.380253110701
"A",2010,134.241329879201
"A",2010,134.713614149834
"A",2010,133.791748096072
"A",2010,130.641678392532
"A",2010,125.250737984466
"A",2010,131.684793444481
"A",2010,126.862715140689
"A",2010,128.063707739582
"A",2011,136.591103004766
"A",2011,130.933414633549
"A",2011,127.956713357547
"A",2011,129.006613921281
"A",2011,143.093595984843
"A",2011,136.156345429596
"A",2011,122.333789702587
"A",2011,124.418203800657
"A",2011,134.768936507855
"A",2011,123.295493571331
"A",2011,133.05441416674
"A",2011,134.837921261026
"A",2011,126.356603126072
"A",2011,141.947346639454
"A",2011,140.70367694665
"A",2011,126.749761347479
"A",2011,129.934673715574
"A",2011,123.492933720911
"A",2011,138.475152266987
"A",2011,132.65202095556
"A",2011,126.014836339517
"A",2011,125.359935784194
"A",2011,116.863554564516
"A",2011,127.691233472265
"A",2011,127.502832960362
"A",2011,121.012262052001
"A",2011,140.59997052974
"A",2011,118.155672726241
"A",2011,140.896570512281
"A",2011,136.229756579378
"A",2011,131.927493360464
"A",2011,117.480332898286
"A",2011,119.869226056227
"A",2011,130.346513197166
"A",2011,135.246433382004
"A",2011,126.119195693741
"A",2011,127.481050226179
"A",2011,139.104638317292
"A",2011,132.146396417774
"A",2011,135.532666074429
"A",2011,137.865683920386
"A",2012,135.174868702648
"A",2012,138.397279331376
"A",2012,119.792065904199
"A",2012,145.837979720036
"A",2012,127.373650302864
"A",2012,126.431908086835
"A",2012,133.426255583479
"A",2012,123.660238350062
"A",2012,127.533859585274
"A",2012,139.486825061467
"A",2012,128.700752423527
"A",2012,134.844994600408
"A",2012,143.07376259234
"A",2012,127.045644824192
"A",2012,128.545894655232
"A",2012,129.795212397757
"A",2012,127.638706361274
"A",2012,133.192688963686
"A",2012,143.120120480671
"A",2012,129.604151086477
"A",2012,118.639323712068
"A",2012,120.390682112636
"A",2012,121.943140174791
"A",2012,128.903072355593
"A",2012,123.238929277796
"A",2012,117.230749292684
"A",2012,122.560435687345
"A",2012,134.386744719472
"A",2012,129.288168652862
"A",2012,132.629505374769
"A",2012,133.304967267591
"A",2012,122.300489844657
"A",2012,126.364216443882
"A",2012,126.259934322813
"A",2012,124.470006307832
"A",2012,132.942030918278
"A",2012,134.818416750271
"A",2012,128.569664595761
"A",2012,131.687863405667
"A",2012,129.022453910833
"A",2013,136.685301822612
"A",2013,120.193699913309
"A",2013,129.992588414744
"A",2013,131.043307547956
"A",2013,133.892152016243
"A",2013,135.473384912653
"A",2013,132.760728970501
"A",2013,138.238334309686
"A",2013,134.299785564341
"A",2013,123.78720808395
"A",2013,126.109115489818
"A",2013,133.678962891255
"A",2013,132.859911884507
"A",2013,134.323183565758
"A",2013,140.647920606214
"A",2013,120.484811673564
"A",2013,137.885026709918
"A",2013,134.675688783163
"A",2013,138.548755474884
"A",2013,147.507070791744
"A",2013,133.821180852871
"A",2013,128.331331102615
"A",2013,138.067481298017
"A",2013,132.560696542577
"A",2013,130.896421565333
"A",2013,137.191154542414
"A",2013,142.689459897642
"A",2013,131.284153220988
"A",2013,133.29475794944
"A",2013,130.450865078579
"A",2013,135.93031713201
"A",2013,132.634999925855
"A",2013,139.52202922469
"A",2013,129.074639204909
"A",2013,129.223894157452
"A",2013,130.235120550406
"A",2013,136.531116028184
"A",2013,135.323056209543
"A",2013,126.692265459059
"A",2013,123.724219149943
"A",2014,136.847097815567
"A",2014,119.132578226713
"A",2014,124.017481836705
"A",2014,122.451366622338
"A",2014,134.830909383007
"A",2014,132.31279716643
"A",2014,126.162621137271
"A",2014,138.358050930082
"A",2014,129.262519824065
"A",2014,116.463046355542
"A",2014,129.06533363211
"A",2014,135.829161540997
"A",2014,137.419413587678
"A",2014,118.960594794376
"A",2014,136.462556019526
"A",2014,135.255510402755
"A",2014,122.323430913475
"A",2014,131.179312572859
"A",2014,138.950605719113
"A",2014,132.836142878408
"A",2014,130.99700293341
"A",2014,134.008476363933
"A",2014,134.926170154121
"A",2014,146.79941026085
"A",2014,130.777942995802
"A",2014,125.158321593472
"A",2014,129.767790744121
"A",2014,125.110029325562
"A",2014,128.708642554404
"A",2014,135.166374588671
"A",2014,122.343157047539
"A",2014,135.058377425739
"A",2014,133.532585913012
"A",2014,137.009849763509
"A",2014,127.192397205494
"A",2014,132.268261492471
"A",2014,120.069593064974
"A",2014,125.811054687071
"A",2014,132.832381938381
"A",2015,135.252417249318
"A",2015,119.146092615161
"A",2015,128.29895931537
"A",2015,132.800594885221
"A",2015,135.312985936298
"A",2015,133.609700425811
"A",2015,131.693605676757
"A",2015,140.877320289065
"A",2015,132.715184908388
"A",2015,132.347571608724
"A",2015,126.532433371042
"A",2015,130.588971440937
"A",2015,138.516987462923
"A",2015,136.255392804219
"A",2015,132.453552614979
"A",2015,125.415921005694
"A",2015,137.483192348793
"A",2015,133.411038077416
"A",2015,130.767807669183
"A",2015,140.075976544953
"A",2015,129.283738490336
"A",2015,144.746834460244
"A",2015,143.018670343724
"A",2015,124.825485825422
"A",2015,133.68097430064
"A",2015,125.065518737042
"A",2015,130.665802773102
"A",2015,128.984180390942
"A",2015,123.395238098838
"A",2015,127.007720517807
"A",2015,124.969288019173
"A",2015,136.192277817243
"A",2015,132.794718436294
"A",2015,134.988747658077
"A",2015,136.774480609337
"A",2015,133.862432236356
"A",2015,138.396012591608
"A",2015,132.172385964181
"A",2015,139.230736035003
"A",2015,140.36973315343
"A",2016,130.011102345355
"A",2016,133.124832143427
"A",2016,134.465025370997
"A",2016,139.822386380575
"A",2016,127.385248820326
"A",2016,139.693758421396
"A",2016,134.199528059485
"A",2016,127.828876272402
"A",2016,120.516540291761
"A",2016,134.865043516787
"A",2016,141.889368819584
"A",2016,133.176449611205
"A",2016,135.302965832402
"A",2016,137.908051301202
"A",2016,126.614547131154
"A",2016,134.564072250023
"A",2016,134.836592723538
"A",2016,144.135418787622
"A",2016,139.088126770591
"A",2016,146.563012224893
"A",2016,138.584987117395
"A",2016,137.994445287245
"A",2016,129.330705876544
"A",2016,134.119160754593
"A",2016,130.59272746046
"A",2016,126.952904160774
"A",2016,130.497415908182
"A",2016,150.148418982752
"A",2016,125.494910985785
"A",2016,133.17363981537
"A",2016,135.233933733878
"A",2016,146.327323070409
"A",2016,136.056675056241
"A",2016,139.726806174075
"A",2016,129.920081344283
"A",2016,121.304533196181
"A",2016,135.080040350157
"A",2016,131.999354925554
"A",2016,130.221587024398
"A",2017,134.659174276551
"A",2017,129.72098651856
"A",2017,134.211993852165
"A",2017,123.63767406902
"A",2017,136.796105341329
"A",2017,131.510463023455
"A",2017,135.1913309409
"A",2017,128.131441508202
"A",2017,134.035279822638
"A",2017,137.545212382796
"A",2017,140.392000794137
"A",2017,140.311756848264
"A",2017,137.05655117646
"A",2017,134.799465500286
"A",2017,126.118605123817
"A",2017,142.568749022613
"A",2017,138.996250876984
"A",2017,145.19257887835
"A",2017,140.069245969457
"A",2017,130.445096238513
"A",2017,123.139256075881
"A",2017,124.089205607477
"A",2017,132.00294948242
"A",2017,125.279457987939
"A",2017,133.18212627148
"A",2017,145.164633838702
"A",2017,145.483544449489
"A",2017,144.851098553841
"A",2017,138.595391035118
"A",2017,125.905383021002
"A",2017,139.801829380333
"A",2017,141.983468871194
"A",2017,131.780854258345
"A",2017,132.170014886644
"A",2017,144.942847719729
"A",2017,138.366800901227
"A",2017,132.276871984576
"A",2017,129.631623818838
"A",2017,132.529358352908
"A",2017,136.705290353839
"A",2018,131.783395193413
"A",2018,130.78889594587
"A",2018,135.404426380481
"A",2018,129.610339437191
"A",2018,139.99932109558
"A",2018,136.270990829174
"A",2018,133.426191946362
"A",2018,131.442687650174
"A",2018,132.906904774211
"A",2018,141.318262121984
"A",2018,135.582703056864
"A",2018,127.197032041538
"A",2018,139.151628675037
"A",2018,133.114381524636
"A",2018,134.79183719618
"A",2018,126.228785816979
"A",2018,137.866135067098
"A",2018,148.622598616995
"A",2018,125.359323194022
"A",2018,127.877938147212
"A",2018,130.092850104032
"A",2018,124.899175222001
"A",2018,133.145768799599
"A",2018,135.883467787075
"A",2018,126.859942546656
"A",2018,137.224170500166
"A",2018,127.710626047056
"A",2018,139.384137462178
"A",2018,141.17398059577
"A",2018,129.311205749969
"A",2018,132.666005128567
"A",2018,132.658879832262
"A",2018,125.711801082028
"A",2018,136.298247493681
"A",2018,134.779083472585
"A",2018,127.346571956587
"A",2018,134.756526431344
"A",2018,130.795637306787
"A",2018,139.576366906717
"A",2018,127.963604759381
"A",2018,132.277375919476
"A",2019,136.069173443275
"A",2019,142.525184844511
"A",2019,140.607044378679
"A",2019,127.58103881075
"A",2019,128.193392181482
"A",2019,146.688625686289
"A",2019,145.00203281773
"A",2019,145.270300374083
"A",2019,140.718616723733
"A",2019,150.771282804604
"A",2019,143.155855673575
"A",2019,139.814830215148
"A",2019,150.326509293576
"A",2019,143.133649640276
"A",2019,140.876951585444
"A",2019,144.880673210234
"A",2019,139.239873852859
"A",2019,140.501390620807
"A",2019,134.843139853431
"A",2019,143.843349995828
"A",2019,132.310865325434
"A",2019,139.380357962698
"A",2019,148.110972585955
"A",2019,133.266692791007
"A",2019,140.228844429885
"A",2019,135.348315129747
"A",2019,139.468453315658
"A",2019,138.820099596763
"A",2019,147.259627939861
"A",2019,145.561183434277
"A",2019,137.528471096118
"A",2019,141.313049084503
"A",2019,151.833173136637
"A",2019,135.858845805871
"A",2019,144.385843442437
"A",2019,138.725668065258
"A",2019,134.346453699216
"A",2019,136.961383416377
"A",2019,142.250232282207
"A",2019,143.665310223468
"A",2019,143.06301338292
"A",2019,137.280270662377
"A",2020,130.949516581274
"A",2020,145.874537157494
"A",2020,141.153158476945
"A",2020,132.315116885551
"A",2020,142.63150158686
"A",2020,143.259958638226
"A",2020,141.708042539704
"A",2020,137.8892541586
"A",2020,141.368108542749
"A",2020,144.245417175046
"A",2020,146.519690371051
"A",2020,144.929477778212
"A",2020,143.165603865933
"A",2020,145.387264408653
"A",2020,147.718150973133
"A",2020,142.551605045822
"A",2020,134.998084245284
"A",2020,137.097208586958
"A",2020,139.394403728715
"A",2020,139.104058308534
"A",2021,144.054634683087
"A",2021,141.463421246679
"A",2021,131.16422352451
"A",2021,146.395525858396
"A",2021,136.98551717436
"A",2021,137.727990796225
"A",2021,149.778716396101
"A",2021,146.762881238912
"A",2021,141.150401105924
"A",2021,149.554638333002
"A",2021,138.230454314856
"A",2021,137.086204381057
"A",2021,139.190602861333
"A",2021,145.050620307443
"A",2021,137.712993132296
"A",2021,136.218190064836
"A",2021,139.178617223496
"A",2021,142.668644278112
"A",2021,135.585127566707
"A",2021,141.193956550008
"A",2021,139.619512118173
"A",2021,143.441892032602
"A",2021,144.408913334189
"A",2021,148.476824990194
"A",2021,143.541644070214
"A",2021,140.092586293094
"A",2021,141.35491390214
"A",2021,145.43752829347
"A",2021,142.740580514775
"A",2021,145.643595139815
"A",2021,145.963901747555
"A",2021,139.214185329844
"A",2021,138.593872919488
"A",2021,145.485812334718
"A",2021,141.843328048865
"A",2021,145.092129975846
"A",2021,144.611477669976
"A",2021,139.76973316986
"A",2021,146.112516018396
"A",2021,138.891460861149
"A",2022,137.664909134721
"A",2022,151.704936903826
"A",2022,127.28945353773
"A",2022,159.058976659897
"A",2022,151.610044850454
"A",2022,137.98812126845
"A",2022,141.666210124117
"A",2022,135.49893048944
"A",2022,142.039832453173
"A",2022,134.434353885604
"A",2022,134.692675066578
"A",2022,142.095860198282
"A",2022,140.909702664173
"A",2022,130.609642411419
"A",2022,152.264637198694
"A",2022,142.409387695878
"A",2022,146.778426425482
"A",2022,140.613879842107
"A",2022,133.607677346753
"A",2022,141.40015241787
"A",2022,148.012042982272
"A",2022,138.482416897445
"A",2022,144.004468583054
"A",2022,143.188342486644
"A",2022,143.481771687244
"A",2022,147.100204253245
"A",2022,134.591504575771
"A",2022,141.120380682678
"A",2022,137.407311369766
"A",2022,139.212115606474
"A",2022,145.916319577374
"A",2022,134.980933664773
"A",2022,137.005759074917
"A",2022,133.43110690455
"A",2022,143.210555259314
"A",2022,133.924807526037
"A",2022,144.258449029252
"A",2022,135.464990244944
"A",2023,156.54746264653
"A",2023,153.301977123437
"A",2023,133.405842205669
"A",2023,151.046140001958
"A",2023,139.389624939017
"A",2023,141.09918039565
"A",2023,141.987592663209
"A",2023,136.293751317125
"A",2023,149.253068238013
"A",2023,130.069517561389
"A",2023,153.233016280075
"A",2023,136.808830996648
"A",2023,145.110005716157
"A",2023,147.565885853971
"A",2023,129.321626377327
"A",2023,140.491917460687
"A",2023,145.264583628549
"A",2023,131.877225763019
"A",2023,134.473332318573
"A",2023,143.888085935222
"A",2023,141.075086633189
"A",2023,143.982165823271
"A",2023,147.848471880031
"A",2023,145.36784833644
"A",2023,127.567195668306
"A",2023,145.30236475917
"A",2023,138.969283853596
"A",2023,153.13954963286
"A",2023,146.310409274952
"A",2023,126.798282995255
"A",2023,150.399435048897
"A",2023,152.193077602171
"A",2023,151.005943013713
"A",2023,141.313830315875
"A",2023,142.228753133881
"A",2023,139.034950123755
"A",2023,138.90526593697
"A",2023,139.363454298909
"A",2023,138.757411993347
"A",2023,142.15145781805
"A",2024,147.024121680451
"A",2024,154.133071539379
"A",2024,135.217600657372
"A",2024,135.865970106365
"A",2024,138.544820132398
"A",2024,144.242467998785
"A",2024,137.275526803376
"A",2024,138.408894711104
"A",2024,130.039587179803
"A",2024,149.739788538468
"A",2024,130.317395403167
"A",2024,136.432277243868
"A",2024,143.014150674724
"A",2024,146.182871715387
"A",2024,151.299699265979
"A",2024,140.799280857298
"A",2024,148.311393684813
"A",2024,142.694538229906
"A",2024,147.075451512689
"A",2024,142.825178984838
"A",2024,134.203731431121
"A",2024,144.866482932083
"A",2024,139.501814273693
"A",2024,146.933724343069
"A",2024,150.678025086978
"A",2024,142.199090287098
"A",2024,147.968543838191
"A",2024,135.602395622804
"A",2024,133.246819382092
"A",2024,147.73209824945
"A",2024,151.58504230069
"A",2024,148.52511302494
"A",2024,136.238727593226
"A",2024,151.15459513739
"A",2024,143.072432138659
"A",2024,142.885972791141
"A",2024,148.931715193998
"A",2024,144.774429321509
"A",2025,142.061850608048
"A",2025,154.734206695492
"A",2025,134.868303752253
"A",2025,139.282344528832
"A",2025,149.861390784061
"A",2025,158.923719503168
"A",2025,143.171549708693
"A",2025,151.059828625927
"A",2025,145.987660256968
"A",2025,139.776461421343
"A",2025,134.82187189712
"A",2025,146.50925975315
"A",2025,147.27374578056
"A",2025,138.539243299588
"A",2025,132.127813982942
"A",2025,143.30032417398
"A",2025,141.602708244803
"A",2025,148.477729055634
"A",2025,149.412978373179
"A",2025,148.694351674369
"A",2025,142.171123753046
"A",2025,152.242994133107
"A",2025,143.154388786326
"A",2025,135.430264650001
"A",2025,136.150168011801
"A",2025,147.902680681371
"A",2025,143.261801700393
"A",2025,145.141838711348
"A",2025,143.234697192169
"A",2025,137.594246448062
"A",2025,140.514043323108
"A",2025,157.620634353361
"A",2025,140.96608589214
"A",2025,155.87991409874
"A",2025,147.761415587732
"A",2025,141.683178224479
"A",2025,151.794850710492
"A",2025,142.077584786797
"A",2025,134.012286514355
"B",2010,123.071836011694
"B",2010,122.811056426407
"B",2010,123.389722823035
"B",2010,130.40620026191
"B",2010,120.385208003381
"B",2010,117.749488937569
"B",2010,121.797227853623
"B",2010,127.060472866419
"B",2010,122.48061292829
"B",2010,113.103641361466
"B",2010,133.74431895324
"B",2010,125.153767314338
"B",2010,120.652748012137
"B",2010,125.837703980343
"B",2010,123.025249479696
"B",2010,131.415817898114
"B",2010,124.168230063953
"B",2010,124.423819103664
"B",2010,120.054241786355
"B",2010,122.751694141048
"B",2010,122.536070815606
"B",2010,117.093036584356
"B",2010,124.689710261958
"B",2010,130.268257850664
"B",2010,118.199735476859
"B",2010,124.342026729285
"B",2010,122.854882549732
"B",2010,129.058501850959
"B",2010,137.305133522945
"B",2010,130.212208138725
"B",2010,118.759332105784
"B",2010,125.606763280696
"B",2010,130.281654425438
"B",2010,135.97187698009
"B",2010,119.303952095694
"B",2010,121.748206488231
"B",2010,126.048694794307
"B",2010,134.357676118198
"B",2010,126.216571425884
"B",2010,122.82159806074
"B",2010,128.527970905223
"B",2011,127.88167618509
"B",2011,130.062848037327
"B",2011,118.72278752735
"B",2011,125.247745735927
"B",2011,116.354474175795
"B",2011,121.219855090911
"B",2011,122.175858294072
"B",2011,124.203505300276
"B",2011,123.749026676182
"B",2011,123.8552908984
"B",2011,115.348405914539
"B",2011,127.443632638998
"B",2011,124.196600596933
"B",2011,130.925626935921
"B",2011,119.197169515579
"B",2011,122.288939298508
"B",2011,138.022276449678
"B",2011,124.389678268149
"B",2011,131.373730391029
"B",2011,116.211163950484
"B",2011,128.340843794311
"B",2011,115.844700333692
"B",2011,122.317399888766
"B",2011,129.964740324455
"B",2011,135.368966530351
"B",2011,121.8653986649
"B",2011,126.988146769312
"B",2011,121.527429551998
"B",2011,122.87687158818
"B",2011,124.614218519112
"B",2011,117.673906193999
"B",2011,116.563950073329
"B",2011,134.492786405329
"B",2011,131.147095326781
"B",2011,125.857518903282
"B",2011,119.483740345123
"B",2011,127.217705339595
"B",2011,129.383961368912
"B",2011,129.371062988383
"B",2011,126.674968221024
"B",2012,125.675850613086
"B",2012,134.221587572321
"B",2012,125.945090049107
"B",2012,116.037397452703
"B",2012,137.933522992208
"B",2012,138.994040895705
"B",2012,131.105420900226
"B",2012,130.851431957021
"B",2012,125.643678540872
"B",2012,126.748133535246
"B",2012,104.325695399646
"B",2012,123.545009678282
"B",2012,129.219415510578
"B",2012,116.048786891227
"B",2012,140.98613201377
"B",2012,125.116462935973
"B",2012,123.063380695035
"B",2012,135.172423122847
"B",2012,126.290965104905
"B",2012,125.348187397375
"B",2012,125.066613452468
"B",2012,128.5724581771
"B",2012,126.612417981187
"B",2012,134.815734034528
"B",2012,112.954740555458
"B",2012,121.550001174245
"B",2012,133.778535191907
"B",2012,132.11983853636
"B",2012,132.617316762012
"B",2012,113.462098575487
"B",2012,120.769598069361
"B",2012,126.852444620718
"B",2012,137.778324851243
"B",2012,137.997835969107
"B",2012,132.758609553952
"B",2012,113.165904666889
"B",2012,130.561387525584
"B",2012,129.103508824485
"B",2012,130.909744062749
"B",2013,138.15968016639
"B",2013,121.114766800064
"B",2013,127.201862447298
"B",2013,130.145596182155
"B",2013,118.646955153359
"B",2013,130.454101089702
"B",2013,126.804554653206
"B",2013,118.609779482472
"B",2013,129.808565792525
"B",2013,114.800470572959
"B",2013,125.910951802001
"B",2013,126.992544396416
"B",2013,117.474276905737
"B",2013,133.899509887472
"B",2013,123.040777273007
"B",2013,136.430969119234
"B",2013,126.433257729713
"B",2013,133.944155247038
"B",2013,134.414573216327
"B",2013,137.292020775574
"B",2013,129.591373729119
"B",2013,125.524180719901
"B",2013,122.911859309565
"B",2013,137.036725668228
"B",2013,126.966134271049
"B",2013,125.377659903245
"B",2013,121.489374373324
"B",2013,127.04208908008
"B",2013,123.943878556835
"B",2013,126.081027866063
"B",2013,130.068701136543
"B",2013,131.331038540672
"B",2013,139.82589274477
"B",2013,134.193031214121
"B",2013,130.236077038716
"B",2013,136.116944159018
"B",2013,141.740850443307
"B",2013,117.646651539302
"B",2013,124.371350943839
"B",2013,132.752340078691
"B",2014,128.896959649788
"B",2014,127.033431331627
"B",2014,121.653674480507
"B",2014,131.88122791133
"B",2014,129.367299363089
"B",2014,117.043202920171
"B",2014,125.877777737182
"B",2014,122.758946219427
"B",2014,132.952303979918
"B",2014,122.022049462859
"B",2014,126.507168380702
"B",2014,128.686689426492
"B",2014,129.931973207427
"B",2014,119.665285155891
"B",2014,121.090476231636
"B",2014,132.232382381983
"B",2014,130.081770217716
"B",2014,130.883725881271
"B",2014,128.783700875473
"B",2014,135.623054794447
"B",2014,114.249546878598
"B",2014,128.738684419468
"B",2014,129.50564618313
"B",2014,111.674662645813
"B",2014,122.188106228384
"B",2014,128.748563382232
"B",2014,111.031311166574
"B",2014,127.764104908144
"B",2014,122.307194383033
"B",2014,128.951762961521
"B",2014,127.548733369309
"B",2014,126.815512649078
"B",2014,126.820489143368
"B",2014,129.71181657784
"B",2014,134.416547540674
"B",2014,121.035256605524
"B",2014,124.319256277865
"B",2014,125.105223391576
"B",2014,120.680895550167
"B",2014,126.355055876495
"B",2015,118.972413337164
"B",2015,127.209180087755
"B",2015,124.978481333753
"B",2015,130.867053839098
"B",2015,141.299383592547
"B",2015,135.967577514613
"B",2015,130.945415012224
"B",2015,124.191005863559
"B",2015,132.512594251033
"B",2015,119.004387729232
"B",2015,129.400084079151
"B",2015,133.667281834742
"B",2015,128.341116144185
"B",2015,133.647348922173
"B",2015,130.881784711501
"B",2015,123.641553486044
"B",2015,116.717985519277
"B",2015,133.599024427607
"B",2015,123.044316270491
"B",2015,124.111635720102
"B",2015,119.757494622703
"B",2015,140.708565533218
"B",2015,135.067081425887
"B",2015,127.126808073377
"B",2015,145.775733159727
"B",2015,139.44686080185
"B",2015,128.479997773131
"B",2015,121.557194288382
"B",2015,123.661209389713
"B",2015,135.18430054395
"B",2015,130.439054058118
"B",2015,135.535976626087
"B",2015,128.146438460617
"B",2015,118.96470546372
"B",2015,138.160961762546
"B",2015,128.414170277296
"B",2015,130.501840816162
"B",2015,122.857378637998
"B",2015,133.625899451918
"B",2015,137.599393047937
"B",2015,139.547683278314
"B",2016,115.141723797015
"B",2016,120.520130564611
"B",2016,134.967706135873
"B",2016,131.259536261649
"B",2016,128.595937507281
"B",2016,133.515069010896
"B",2016,127.076752023561
"B",2016,128.546542014626
"B",2016,130.185257747055
"B",2016,133.15043693737
"B",2016,125.357493691917
"B",2016,139.20781986106
"B",2016,124.840532212966
"B",2016,138.155519471362
"B",2016,125.657501014397
"B",2016,134.907534418683
"B",2016,130.301549335805
"B",2016,131.343872161304
"B",2016,125.153674848028
"B",2016,130.12194859132
"B",2016,131.380345833144
"B",2016,128.563583336129
"B",2016,121.985495372696
"B",2016,127.719739237279
"B",2016,132.624177050815
"B",2016,121.639051222326
"B",2016,124.008780321636
"B",2016,123.839391253511
"B",2016,130.433728952236
"B",2016,121.888696281027
"B",2016,126.858139689425
"B",2016,133.217309663857
"B",2016,108.946838067642
"B",2016,132.915798523584
"B",2016,129.327191126262
"B",2016,131.960721969359
"B",2016,131.878873492193
"B",2016,121.983353352411
"B",2016,129.255367106607
"B",2016,131.504128016882
"B",2017,130.40102034095
"B",2017,131.325735926008
"B",2017,121.210918903825
"B",2017,126.175091971739
"B",2017,129.378351276311
"B",2017,134.191384674387
"B",2017,111.425223974914
"B",2017,121.038603278178
"B",2017,132.875564491752
"B",2017,127.632564404737
"B",2017,142.496747814782
"B",2017,122.719841296359
"B",2017,125.445361476245
"B",2017,127.382105800635
"B",2017,123.135389260374
"B",2017,110.987843229101
"B",2017,125.206498632182
"B",2017,122.952727054928
"B",2017,127.070177573547
"B",2017,136.885092334259
"B",2017,122.079701464339
"B",2017,138.492881873329
"B",2017,130.977242042915
"B",2017,137.385183182221
"B",2017,113.458892173423
"B",2017,114.040549926573
"B",2017,133.958531473674
"B",2017,132.352074973139
"B",2017,114.589173432428
"B",2017,128.127773368884
"B",2017,132.297126231358
"B",2017,114.865967674063
"B",2017,132.292015047719
"B",2017,120.711076587245
"B",2017,127.660381402435
"B",2017,126.379246483981
"B",2017,123.155888899917
"B",2017,119.243015026938
"B",2017,129.661925418578
"B",2018,126.168560621652
"B",2018,133.780216302619
"B",2018,129.024417039928
"B",2018,131.247074561996
"B",2018,132.920513516325
"B",2018,127.758095126826
"B",2018,133.206054212244
"B",2018,126.073543321446
"B",2018,125.043100840402
"B",2018,121.753056443318
"B",2018,143.055254198304
"B",2018,130.60296938403
"B",2018,136.196057816901
"B",2018,132.909448386499
"B",2018,134.361167091582
"B",2018,120.19713706129
"B",2018,141.968049493517
"B",2018,129.990806687097
"B",2018,134.877391880207
"B",2018,127.943570266285
"B",2018,133.433715315675
"B",2018,137.409817479527
"B",2018,129.079280389537
"B",2018,135.042270243459
"B",2018,133.523005465144
"B",2018,121.545360636682
"B",2018,132.953762615865
"B",2018,131.454398642183
"B",2018,126.264399872943
"B",2018,126.527491975676
"B",2018,127.438533158947
"B",2018,123.115789873415
"B",2018,133.588881250224
"B",2018,137.763951080806
"B",2018,131.793617449726
"B",2018,123.487101353251
"B",2018,123.716946762807
"B",2018,128.247050652995
"B",2018,131.94667899187
"B",2018,132.68571761033
"B",2019,133.54389863204
"B",2019,135.221100365281
"B",2019,129.888773262902
"B",2019,130.550644923455
"B",2019,128.509925862003
"B",2019,137.020436221048
"B",2019,133.44565837464
"B",2019,124.339057469934
"B",2019,135.847549850925
"B",2019,127.553798072227
"B",2019,129.563305713461
"B",2019,123.170737096698
"B",2019,137.68312926412
"B",2019,133.945774464932
"B",2019,123.480420999572
"B",2019,129.90488715657
"B",2019,129.063507466002
"B",2019,132.010256900886
"B",2019,128.074915181422
"B",2019,131.436692418682
"B",2019,141.983183654121
"B",2019,125.931884352507
"B",2019,127.684582079978
"B",2019,127.479269045897
"B",2019,133.094113264954
"B",2019,130.232123486665
"B",2019,128.645739238162
"B",2019,120.569775704969
"B",2019,122.35070739176
"B",2019,136.419185307195
"B",2019,139.3504890391
"B",2019,131.872056340837
"B",2019,145.579408810181
"B",2019,141.634343595386
"B",2019,133.932666843672
"B",2019,134.783829142677
"B",2019,144.330568401146
"B",2019,125.246516754106
"B",2019,120.765928093137
"B",2020,130.630091399298
"B",2020,132.582775510645
"B",2020,134.327950826496
"B",2020,136.294575663988
"B",2020,129.827459541767
"B",2020,135.411449598442
"B",2020,133.28766155229
"B",2020,130.711674214876
"B",2020,132.949875385733
"B",2020,126.884007730399
"B",2020,136.878859773407
"B",2020,134.294194304229
"B",2020,125.756882461061
"B",2020,132.002342798908
"B",2020,126.973593851686
"B",2020,117.008322299879
"B",2020,133.51725273095
"B",2020,131.386807335533
"B",2020,130.235968189507
"B",2020,124.89794491168
"B",2020,125.225613002072
"B",2021,130.28172979153
"B",2021,126.743994901871
"B",2021,131.374920219431
"B",2021,130.625736152961
"B",2021,126.977884219903
"B",2021,124.237566156031
"B",2021,133.72374226112
"B",2021,137.202198381581
"B",2021,140.188379221123
"B",2021,136.73312470731
"B",2021,136.249086504208
"B",2021,134.562403255108
"B",2021,129.832870259063
"B",2021,125.479358568085
"B",2021,121.225070470649
"B",2021,126.359440337629
"B",2021,135.339834715048
"B",2021,137.846705987957
"B",2021,143.591251338811
"B",2021,125.639828927835
"B",2021,135.056420900898
"B",2021,129.854710593715
"B",2021,141.89083003069
"B",2021,129.282006272093
"B",2021,138.990148027659
"B",2021,130.954219931978
"B",2021,131.760481800792
"B",2021,119.902003303849
"B",2021,145.291528026311
"B",2021,128.935075865938
"B",2022,141.56534684111
"B",2022,126.669281964807
"B",2022,138.38431219751
"B",2022,141.083097110731
"B",2022,133.639218604958
"B",2022,132.51244790195
"B",2022,132.387312076054
"B",2022,131.147229266681
"B",2022,126.329622132579
"B",2022,129.286525804929
"B",2022,131.844549557871
"B",2022,131.676205950441
"B",2022,144.970054042796
"B",2022,133.255029206204
"B",2022,140.049660116841
"B",2022,137.07617072492
"B",2022,132.922014660817
"B",2022,129.955121150643
"B",2022,130.321151800535
"B",2022,130.715106220658
"B",2022,130.973246102032
"B",2022,132.36404347092
"B",2022,138.589154761412
"B",2022,131.87863097691
"B",2022,133.26748387382
"B",2022,135.255299520018
"B",2022,137.972466145876
"B",2022,136.074110430422
"B",2022,132.972763714896
"B",2022,135.411757440158
"B",2022,132.540758066644
"B",2023,137.128768934207
"B",2023,131.785080617144
"B",2023,131.503523582739
"B",2023,132.664677761456
"B",2023,144.047231822508
"B",2023,120.975134886854
"B",2023,143.757251576422
"B",2023,141.939460309651
"B",2023,141.176023092048
"B",2023,135.952079425504
"B",2023,137.916456656686
"B",2023,146.845313187739
"B",2023,145.919765941671
"B",2023,121.996687377694
"B",2023,131.683080329049
"B",2023,134.043362090237
"B",2023,137.319236845607
"B",2023,145.91110543428
"B",2023,136.997048076089
"B",2023,136.104061092181
"B",2023,130.867872786257
"B",2023,139.754437767357
"B",2023,135.463164630193
"B",2023,132.306793009406
"B",2023,139.934380705001
"B",2023,121.799159501769
"B",2023,135.307477292889
"B",2023,130.085416296927
"B",2023,137.305477047319
"B",2023,142.377808092409
"B",2023,146.546137789933
"B",2023,139.045274502837
"B",2023,130.273076070468
"B",2024,134.927531301734
"B",2024,127.134493127012
"B",2024,137.770589570933
"B",2024,127.751352175331
"B",2024,147.090019160872
"B",2024,128.729601961377
"B",2024,134.619186818466
"B",2024,129.577264009653
"B",2024,132.665699125296
"B",2024,132.427402690734
"B",2024,132.139079428847
"B",2024,135.095911667868
"B",2024,129.398809913425
"B",2024,129.532398328902
"B",2024,130.340820040848
"B",2024,141.263153682223
"B",2024,124.722825369134
"B",2024,126.691799241011
"B",2024,145.865860221064
"B",2024,134.732425877409
"B",2024,151.87414928369
"B",2024,127.296764435664
"B",2024,127.993157884386
"B",2024,123.790831527544
"B",2024,123.930705927077
"B",2024,134.947894804912
"B",2024,138.137852405822
"B",2024,126.573394552428
"B",2024,139.52946271388
"B",2024,143.692440951735
"B",2024,139.370406372896
"B",2025,132.381904127714
"B",2025,141.66132173989
"B",2025,130.323301369095
"B",2025,144.572406520101
"B",2025,136.44802157613
"B",2025,127.055911769547
"B",2025,123.940749767314
"B",2025,137.995548726598
"B",2025,138.12444728425
"B",2025,134.138024357057
"B",2025,134.255897755714
"B",2025,133.572621801293
"B",2025,142.280166344237
"B",2025,132.624299617084
"B",2025,140.468847125266
"B",2025,133.443412111648
"B",2025,136.737898393704
"B",2025,132.710541594935
"B",2025,137.488986388325
"B",2025,139.270203901661
"B",2025,146.126655276656
"B",2025,121.995024371785
"B",2025,129.811674246248
"B",2025,138.412657683188
"B",2025,138.837341960263
"B",2025,142.258763172101
"B",2025,145.263961549874
"B",2025,130.701610746461
"B",2025,139.01862869479
"B",2025,143.408247099358
"C",2010,151.513013984325
"C",2010,147.639364635277
"C",2010,157.5642735312
"C",2010,141.681922580905
"C",2010,148.173656385813
"C",2010,152.964288834066
"C",2010,153.453337400255
"C",2010,160.477942285229
"C",2010,154.043586675096
"C",2010,153.607394906024
"C",2010,149.37794652913
"C",2010,156.463820540253
"C",2010,154.246309543379
"C",2010,158.375116963656
"C",2010,156.431150441648
"C",2010,150.021731820693
"C",2010,153.155937532437
"C",2010,155.223127776986
"C",2010,159.010821987221
"C",2010,153.942355673913
"C",2010,151.639432093402
"C",2011,153.801797606561
"C",2011,151.28113765018
"C",2011,147.779024752901
"C",2011,144.502432162689
"C",2011,128.744350596866
"C",2011,136.715882960873
"C",2011,145.181440308737
"C",2011,144.507483361788
"C",2011,139.653122392819
"C",2011,156.402061729418
"C",2011,138.923387688496
"C",2011,149.202125081374
"C",2011,148.861551569972
"C",2011,141.432073053614
"C",2011,144.357004522689
"C",2011,146.863287577009
"C",2011,127.961896545787
"C",2011,152.431232688514
"C",2011,139.795766908698
"C",2011,144.173029028433
"C",2011,148.614116955239
"C",2011,145.535187534038
"C",2012,133.986350675466
"C",2012,143.170893927974
"C",2012,151.979117520684
"C",2012,144.311696368694
"C",2012,127.88014672726
"C",2012,154.86824414498
"C",2012,151.167803026101
"C",2012,143.560056890118
"C",2012,126.976341536793
"C",2012,148.278445560961
"C",2012,136.299899586831
"C",2012,145.170397426441
"C",2012,148.633778140987
"C",2012,141.242107107484
"C",2012,144.539595376802
"C",2012,139.687996690298
"C",2012,141.090610044653
"C",2012,142.929609601643
"C",2012,146.903107466819
"C",2012,135.971122960959
"C",2012,146.122332631318
"C",2013,140.73844234333
"C",2013,145.465539184528
"C",2013,152.470388774102
"C",2013,145.561837161026
"C",2013,147.675951524655
"C",2013,145.279438550132
"C",2013,139.997158369246
"C",2013,145.433330014715
"C",2013,149.079374490088
"C",2013,149.152264317062
"C",2013,139.746616525643
"C",2013,150.600305029285
"C",2013,142.006831549626
"C",2013,134.244831654989
"C",2013,137.085243889194
"C",2013,150.854102915855
"C",2013,142.055401745665
"C",2013,145.410210367474
"C",2013,145.922650250928
"C",2013,133.809660778932
"C",2013,139.882521398303
"C",2013,137.284957791711
"C",2014,144.027249162014
"C",2014,135.731487064238
"C",2014,146.878918775065
"C",2014,140.244592286888
"C",2014,142.170064488658
"C",2014,143.314596589763
"C",2014,146.227105080383
"C",2014,137.272554295733
"C",2014,150.391827251186
"C",2014,136.62234868672
"C",2014,124.651800537253
"C",2014,136.840501353826
"C",2014,144.996736374999
"C",2014,138.299161733727
"C",2014,138.441026456383
"C",2014,139.488530633394
"C",2014,137.926101128501
"C",2014,130.13100094984
"C",2014,137.779655361473
"C",2014,156.209469392367
"C",2014,144.987040994614
"C",2014,131.182254575506
"C",2015,145.154671114152
"C",2015,149.916814004581
"C",2015,141.653170521656
"C",2015,139.03673306959
"C",2015,145.386097956025
"C",2015,146.713744137728
"C",2015,135.241950905797
"C",2015,139.542598312884
"C",2015,142.220704721279
"C",2015,149.533034951212
"C",2015,132.820742350424
"C",2015,148.163279989117
"C",2015,151.929874700941
"C",2015,144.309832000426
"C",2015,151.739889075534
"C",2015,134.132580456517
"C",2015,145.461105162485
"C",2015,132.800769969773
"C",2015,145.782959258749
"C",2015,142.689446943265
"C",2015,143.178130198493
"C",2016,139.741625626618
"C",2016,136.211073178413
"C",2016,138.510786053349
"C",2016,151.238648661856
"C",2016,145.617873026851
"C",2016,141.032682889431
"C",2016,129.818734092558
"C",2016,136.155117899747
"C",2016,142.254514973549
"C",2016,138.809060742822
"C",2016,143.725930199679
"C",2016,132.728384953377
"C",2016,146.261085766895
"C",2016,149.091901394227
"C",2016,146.175207246364
"C",2016,139.036325724465
"C",2016,136.272436902157
"C",2016,138.097195933236
"C",2016,145.936923726844
"C",2016,144.920943158989
"C",2016,136.529743582337
"C",2016,144.960338357401
"C",2017,144.043593536247
"C",2017,134.063682344128
"C",2017,136.104978444492
"C",2017,145.912609324934
"C",2017,137.311434503328
"C",2017,139.185296106397
"C",2017,147.399607621723
"C",2017,136.851827789146
"C",2017,150.635694687312
"C",2017,140.417081615837
"C",2017,142.844099320409
"C",2017,138.555227937718
"C",2017,142.048845486911
"C",2017,138.649952863302
"C",2017,134.115680637179
"C",2017,145.985201257741
"C",2017,143.553315201081
"C",2017,125.537827736071
"C",2017,145.174829778967
"C",2017,142.106987950769
"C",2017,139.863817032424
"C",2017,150.083306275711
"C",2018,134.751244312971
"C",2018,124.07006873054
"C",2018,133.209008246187
"C",2018,132.620148137372
"C",2018,135.418800821735
"C",2018,127.945981446035
"C",2018,140.752553138735
"C",2018,124.68994860002
"C",2018,130.486452761649
"C",2018,135.323169883513
"C",2018,133.532639081128
"C",2018,137.874870333087
"C",2018,133.955855543282
"C",2018,131.585543625559
"C",2018,131.879421486668
"C",2018,130.084238450737
"C",2018,124.721895473446
"C",2018,133.277820272954
"C",2018,126.335229667784
"C",2018,124.585786425481
"C",2018,136.442057569331
"C",2019,135.535412739257
"C",2019,143.65164324942
"C",2019,133.583873094451
"C",2019,141.325483041157
"C",2019,142.680623758908
"C",2019,137.122539669349
"C",2019,135.408566765537
"C",2019,130.233179022464
"C",2019,139.311697704685
"C",2019,137.368827719544
"C",2019,138.242912155721
"C",2019,140.232134881028
"C",2019,131.137404104961
"C",2019,140.101619546741
"C",2019,139.023028278569
"C",2019,142.183225735271
"C",2019,124.489639958496
"C",2019,141.611250072992
"C",2019,134.865542922113
"C",2019,144.710312014172
"C",2019,132.821819413988
"C",2019,141.407927809107
"C",2020,146.30610588099
"C",2020,138.675547606671
"C",2020,148.513101417335
"C",2020,144.014600585416
"C",2020,142.923317514253
"C",2020,146.10384559248
"C",2020,136.7858902978
"C",2020,135.835304326842
"C",2020,134.448298070769
"C",2020,146.234999105605
"C",2020,141.452454580676
"C",2020,135.722561384551
"C",2020,133.52023005695
"C",2020,138.09021276881
"C",2020,135.321225105256
"C",2021,135.414346638997
"C",2021,139.147610122534
"C",2021,139.350034400722
"C",2021,137.421320606259
"C",2021,138.074181651762
"C",2021,142.739439701223
"C",2021,145.857407264973
"C",2021,142.674761289204
"C",2021,135.37485809258
"C",2021,135.637351470498
"C",2021,142.645706942122
"C",2021,135.12270647614
"C",2021,138.849934415755
"C",2021,128.821969745825
"C",2021,140.98090491452
"C",2021,140.092544074007
"C",2021,138.712197016056
"C",2021,139.749908896727
"C",2022,144.003593243332
"C",2022,145.952860756953
"C",2022,127.397400173481
"C",2022,139.092326925004
"C",2022,133.41229471975
"C",2022,135.488295676301
"C",2022,129.068782525929
"C",2022,146.051012666952
"C",2022,140.862656170321
"C",2022,134.811605062578
"C",2022,137.133573093424
"C",2022,140.121899223845
"C",2022,140.191498985052
"C",2022,137.667445840384
"C",2022,144.390983475296
"C",2022,125.960547564344
"C",2022,140.686118363286
"C",2022,144.397095160527
"C",2022,133.854598806265
"C",2022,141.88050634775
"C",2023,143.187649113166
"C",2023,145.125523662457
"C",2023,136.993282433368
"C",2023,135.129955161433
"C",2023,131.726272355571
"C",2023,138.891191636265
"C",2023,153.084970543494
"C",2023,134.41224338503
"C",2023,145.662909519922
"C",2023,135.472569716184
"C",2023,131.057169484905
"C",2023,145.717387790798
"C",2023,145.076755175717
"C",2023,147.622983296748
"C",2023,143.575833178463
"C",2023,131.181201778805
"C",2023,128.353402578075
"C",2023,141.131759824671
"C",2023,147.359594173665
"C",2023,142.093515932112
"C",2023,139.43799932299
"C",2024,156.36981057295
"C",2024,130.219273389838
"C",2024,137.012215347832
"C",2024,142.385600558552
"C",2024,139.204690662989
"C",2024,135.073726980668
"C",2024,131.910324271978
"C",2024,147.388361264451
"C",2024,128.817053386789
"C",2024,133.544976814711
"C",2024,130.004172429684
"C",2024,134.430440761429
"C",2024,158.106986650286
"C",2024,146.106333982854
"C",2024,135.603223108021
"C",2024,139.934020413991
"C",2024,146.119358834217
"C",2024,138.185410205537
"C",2024,145.976719628575
"C",2024,141.756809597788
"C",2025,142.255566296423
"C",2025,139.816118172143
"C",2025,135.208206960577
"C",2025,131.925452853185
"C",2025,135.122641507893
"C",2025,141.749130923433
"C",2025,130.813359177307
"C",2025,139.360450721019
"C",2025,135.633071832105
"C",2025,135.991237336331
"C",2025,138.890901764426
"C",2025,143.23026657702
"C",2025,148.870872972373
"C",2025,150.568534125361
"C",2025,136.683279971882
"C",2025,128.666488727206
"C",2025,134.038829456717
"C",2025,133.665523934832
"C",2025,136.828752449482
"C",2025,144.018085880987
"D",2010,141.783188561065
"D",2010,136.946715548097
"D",2010,141.842175895367
"D",2010,139.981830257233
"D",2010,129.936620918661
"D",2010,129.39147679725
"D",2010,151.786130395332
"D",2010,151.186062640256
"D",2010,145.698032182221
"D",2010,142.594451098981
"D",2010,146.961229268648
"D",2010,135.517538389975
"D",2010,152.919173721502
"D",2010,144.429743972253
"D",2010,137.748749658153
"D",2010,139.263843948389
"D",2010,145.669625612098
"D",2010,143.084624381521
"D",2010,143.981167830568
"D",2010,137.265607602907
"D",2010,138.949726949332
"D",2010,137.473915944443
"D",2010,136.61616172011
"D",2010,144.572169037785
"D",2010,135.829815830712
"D",2010,142.634670345374
"D",2010,138.353271681739
"D",2010,149.204003641376
"D",2010,140.571732192856
"D",2010,138.638639493777
"D",2010,140.589603847803
"D",2010,135.646378792764
"D",2010,138.068004698777
"D",2010,144.894924109493
"D",2010,141.747089114168
"D",2011,141.103846056732
"D",2011,138.478965743072
"D",2011,129.804876993472
"D",2011,142.948754691228
"D",2011,135.160791811943
"D",2011,145.655664741052
"D",2011,150.097309339896
"D",2011,145.998329933398
"D",2011,147.959551560398
"D",2011,133.347535036201
"D",2011,142.094765179365
"D",2011,132.951232320419
"D",2011,144.388796395427
"D",2011,137.960225954233
"D",2011,145.87361098161
"D",2011,134.43776573827
"D",2011,146.354731806161
"D",2011,143.502017209228
"D",2011,141.740440203935
"D",2011,155.039140565512
"D",2011,137.382898856644
"D",2011,149.28392090028
"D",2011,131.930838980338
"D",2011,139.536873431207
"D",2011,140.522166653616
"D",2011,140.045808467549
"D",2011,140.728250571407
"D",2011,141.220936671067
"D",2011,121.156612992643
"D",2011,147.237880266239
"D",2011,156.322748111608
"D",2011,147.175942339624
"D",2011,141.451565743619
"D",2011,143.303597647939
"D",2011,123.447751502582
"D",2012,139.159556512935
"D",2012,136.682035268
"D",2012,137.73319060474
"D",2012,144.30201124976
"D",2012,130.545170132267
"D",2012,137.039668243024
"D",2012,136.426809054158
"D",2012,139.769579824853
"D",2012,137.722835238768
"D",2012,145.883510587777
"D",2012,148.45733429339
"D",2012,140.246001012802
"D",2012,135.583254904908
"D",2012,148.220246569844
"D",2012,134.24153175086
"D",2012,129.360889898033
"D",2012,135.764124932679
"D",2012,131.275798361356
"D",2012,143.68193602427
"D",2012,152.429190185619
"D",2012,145.316167374971
"D",2012,152.532432894392
"D",2012,134.74904019343
"D",2012,127.535943655253
"D",2012,132.370027954969
"D",2012,124.522587946019
"D",2012,141.823566985573
"D",2012,131.78939110891
"D",2012,141.654892571181
"D",2012,144.45842518364
"D",2012,135.194817783211
"D",2012,143.767236165994
"D",2012,139.751463122734
"D",2012,140.042683374885
"D",2012,134.635279571561
"D",2013,148.922866181541
"D",2013,136.470606682255
"D",2013,127.499180274201
"D",2013,145.086583987869
"D",2013,133.287632771587
"D",2013,138.57080923993
"D",2013,142.091521071705
"D",2013,139.105907768757
"D",2013,128.170789252033
"D",2013,139.285474131162
"D",2013,132.800539566556
"D",2013,129.437895865269
"D",2013,144.676646750477
"D",2013,135.509581432577
"D",2013,135.686723747342
"D",2013,142.850359524
"D",2013,144.027001692509
"D",2013,137.773521989324
"D",2013,139.054223698359
"D",2013,129.668562472606
"D",2013,141.113479509256
"D",2013,141.226659973599
"D",2013,141.511931804953
"D",2013,140.477332019918
"D",2013,125.747644408312
"D",2013,144.204405856976
"D",2013,138.588833979991
"D",2013,150.330609950036
"D",2013,142.243994443414
"D",2013,126.308716911828
"D",2013,147.239099340178
"D",2013,144.794370424838
"D",2013,145.606255839115
"D",2013,139.173090625688
"D",2013,143.084811261763
"D",2014,137.947820271155
"D",2014,142.302169402419
"D",2014,154.743728277306
"D",2014,129.953850088722
"D",2014,128.76021174657
"D",2014,150.256989037731
"D",2014,142.787800356389
"D",2014,147.209504218046
"D",2014,147.012017585796
"D",2014,138.596477411122
"D",2014,139.467625908156
"D",2014,135.187068371642
"D",2014,141.373412946559
"D",2014,142.882851522498
"D",2014,132.202150647421
"D",2014,147.397388023972
"D",2014,149.932292756452
"D",2014,133.991073726277
"D",2014,139.640166824005
"D",2014,134.636586692788
"D",2014,135.333010279844
"D",2014,131.635162480938
"D",2014,139.872358762047
"D",2014,142.096159707237
"D",2014,141.406968862196
"D",2014,139.941854698392
"D",2014,138.326084743495
"D",2014,115.895593271062
"D",2014,143.103177108295
"D",2014,134.086246046566
"D",2014,136.712774313731
"D",2014,148.430213199519
"D",2014,137.765385116923
"D",2014,134.151123194723
"D",2014,144.463695963828
"D",2015,136.504134025873
"D",2015,148.602931222098
"D",2015,144.356742882478
"D",2015,142.764655877691
"D",2015,145.577998732589
"D",2015,141.046743918662
"D",2015,135.813119321344
"D",2015,133.560315510089
"D",2015,147.113477321423
"D",2015,143.184951687626
"D",2015,133.103856186139
"D",2015,130.312928241821
"D",2015,144.141610109099
"D",2015,147.106602782552
"D",2015,133.560698764738
"D",2015,142.712372418851
"D",2015,147.083558397401
"D",2015,137.395333350819
"D",2015,139.676459629913
"D",2015,141.500747224292
"D",2015,144.114550386629
"D",2015,133.3777956123
"D",2015,139.261693201459
"D",2015,132.277663858137
"D",2015,149.949790652764
"D",2015,138.651858052007
"D",2015,133.197435799967
"D",2015,130.05800249823
"D",2015,155.280313997013
"D",2015,138.196931307707
"D",2015,133.478138636112
"D",2015,135.139192234469
"D",2015,142.094492471443
"D",2015,144.524297002922
"D",2015,136.12491886713
"D",2016,143.340068044296
"D",2016,131.453425385666
"D",2016,141.167365288879
"D",2016,141.920956136017
"D",2016,147.805453463468
"D",2016,141.422992246627
"D",2016,141.779762093703
"D",2016,135.009185508479
"D",2016,136.398508836427
"D",2016,136.855008716598
"D",2016,148.387987213427
"D",2016,147.391635819953
"D",2016,139.279257035721
"D",2016,134.67873366979
"D",2016,139.247304955756
"D",2016,142.668864871816
"D",2016,133.009104993138
"D",2016,143.655925706117
"D",2016,131.760901463909
"D",2016,138.751079965728
"D",2016,133.990558554151
"D",2016,146.943713074491
"D",2016,132.102719572967
"D",2016,133.185328820883
"D",2016,148.920780352054
"D",2016,153.313156391902
"D",2016,130.094796678191
"D",2016,155.723412501842
"D",2016,136.85529344495
"D",2016,134.551593170646
"D",2016,145.504928133013
"D",2016,118.846234671917
"D",2016,143.239425875435
"D",2016,140.944867759664
"D",2016,144.734851220501
"D",2017,135.492256011285
"D",2017,143.37144831805
"D",2017,140.909119388072
"D",2017,126.688288066594
"D",2017,139.923291418318
"D",2017,148.316696180712
"D",2017,141.736761445591
"D",2017,139.711543461379
"D",2017,135.078654316156
"D",2017,148.868256090894
"D",2017,143.52107950421
"D",2017,146.202972737667
"D",2017,146.872172918763
"D",2017,138.4602563269
"D",2017,142.44245716356
"D",2017,146.814452822422
"D",2017,150.95380516794
"D",2017,140.252495716922
"D",2017,141.753448680098
"D",2017,138.973691889996
"D",2017,137.264298567626
"D",2017,129.230103128626
"D",2017,137.319728310526
"D",2017,138.402425597168
"D",2017,136.502405443188
"D",2017,155.835749225199
"D",2017,134.138779378734
"D",2017,150.906728139939
"D",2017,138.470423897662
"D",2017,129.927502200885
"D",2017,134.550979551489
"D",2017,134.776895978901
"D",2017,148.331864770616
"D",2017,139.388502315683
"D",2017,135.807363966208
"D",2018,137.631302083884
"D",2018,138.83450204089
"D",2018,144.311388659776
"D",2018,136.562096404406
"D",2018,141.400233958033
"D",2018,136.304128731671
"D",2018,124.538200206115
"D",2018,134.52034229007
"D",2018,146.569511340531
"D",2018,140.482104295408
"D",2018,137.757479106666
"D",2018,145.912436606684
"D",2018,140.791118182689
"D",2018,141.238044176975
"D",2018,121.787717474485
"D",2018,142.614743919014
"D",2018,137.972300205324
"D",2018,141.404521533029
"D",2018,137.275994724641
"D",2018,139.561070057938
"D",2018,141.531314828087
"D",2018,130.565886492078
"D",2018,141.337530112482
"D",2018,131.0421375271
"D",2018,136.903359410324
"D",2018,142.093632477205
"D",2018,142.318310069424
"D",2018,137.467996757294
"D",2018,140.423332447227
"D",2018,123.75059944788
"D",2018,127.806227540756
"D",2018,140.724832208316
"D",2018,137.741075582818
"D",2018,136.781976116125
"D",2018,133.133210633756
"D",2019,145.588291647412
"D",2019,142.300308870576
"D",2019,134.821514097505
"D",2019,140.350922001392
"D",2019,141.420095941467
"D",2019,148.379682540514
"D",2019,136.928529758698
"D",2019,137.017179397757
"D",2019,157.741120913327
"D",2019,137.943990572201
"D",2019,138.623443560573
"D",2019,141.983750888044
"D",2019,140.540327894875
"D",2019,147.441066097715
"D",2019,151.603677261685
"D",2019,127.90274781148
"D",2019,144.381600998564
"D",2019,142.207590827649
"D",2019,133.905990068803
"D",2019,139.720627171812
"D",2019,137.272110938443
"D",2019,142.245157961836
"D",2019,139.041858116422
"D",2019,149.919641011113
"D",2019,142.999973995693
"D",2019,136.593849839218
"D",2019,137.790664756328
"D",2019,138.068185718519
"D",2019,141.783499723391
"D",2019,131.391091735623
"D",2019,136.794111701452
"D",2019,150.01213938455
"D",2019,144.577428912419
"D",2019,146.265531371554
"D",2019,138.716013661913
"D",2020,139.197992449087
"D",2020,146.567899932776
"D",2020,138.370483496663
"D",2020,148.526091639055
"D",2020,139.572712655298
"D",2020,135.347133896286
"D",2020,144.070068788182
"D",2020,143.635163183567
"D",2020,137.840355359285
"D",2020,130.096425677061
"D",2020,137.775565988712
"D",2020,141.942711406824
"D",2020,150.030344048805
"D",2020,140.808409399807
"D",2020,140.296302004948
"D",2020,135.668408397413
"D",2020,134.18434102095
"D",2020,139.723426920654
"D",2020,145.008293987056
"D",2020,133.741691466765
"D",2020,148.135318291994
"D",2020,134.535931385629
"D",2020,139.137758110932
"D",2020,147.612297579247
"D",2020,140.624157165958
"D",2021,132.261502874169
"D",2021,138.179284391571
"D",2021,140.53821140132
"D",2021,140.263947025258
"D",2021,143.134163320895
"D",2021,146.334830273631
"D",2021,138.199565476176
"D",2021,132.249546086918
"D",2021,133.859906515134
"D",2021,147.449767305269
"D",2021,135.43933409025
"D",2021,136.490447353177
"D",2021,139.252210891943
"D",2021,145.015448599391
"D",2021,132.500238496736
"D",2021,134.563641000756
"D",2021,139.059666186896
"D",2021,139.863791849916
"D",2021,141.749986065424
"D",2021,137.229959247493
"D",2021,141.381734527956
"D",2021,145.74924591175
"D",2021,139.309795879059
"D",2021,129.217181777418
"D",2021,137.31447832783
"D",2021,135.709097117864
"D",2021,138.631776256946
"D",2021,145.987904443363
"D",2021,134.828588073364
"D",2021,140.899018979691
"D",2021,137.28017918258
"D",2021,137.504468669927
"D",2021,138.920118041828
"D",2021,139.970076193237
"D",2021,150.275168790242
"D",2022,147.408004361735
"D",2022,140.738294884334
"D",2022,143.71200061681
"D",2022,134.708893403548
"D",2022,140.410743502777
"D",2022,137.70186867039
"D",2022,134.685937543567
"D",2022,135.568052596668
"D",2022,145.10752288842
"D",2022,137.732522248734
"D",2022,125.80280605136
"D",2022,148.465040448252
"D",2022,130.288004014931
"D",2022,138.268987669802
"D",2022,138.382135918678
"D",2022,141.743486678446
"D",2022,142.261314236464
"D",2022,138.161724169385
"D",2022,145.371688866757
"D",2022,132.64261247661
"D",2022,137.838858022365
"D",2022,136.703191835629
"D",2022,134.277214560627
"D",2022,146.966143744875
"D",2022,139.809325136182
"D",2022,142.010370047376
"D",2022,142.79389329057
"D",2022,146.983628490632
"D",2022,137.813580848201
"D",2022,139.762891404405
"D",2022,141.313174997515
"D",2022,144.742870966376
"D",2022,141.331111105848
"D",2022,130.922199520556
"D",2022,132.710339122892
"D",2023,139.197033843883
"D",2023,139.381876648517
"D",2023,135.339450416089
"D",2023,144.377482898482
"D",2023,142.707433610167
"D",2023,138.979235801236
"D",2023,141.736299428344
"D",2023,143.154239950457
"D",2023,132.618492329762
"D",2023,133.028548582936
"D",2023,131.612194151861
"D",2023,139.900540241696
"D",2023,141.445636100638
"D",2023,141.425333623761
"D",2023,135.654690756936
"D",2023,149.171160941858
"D",2023,141.694393651094
"D",2023,140.729830906002
"D",2023,146.186872155917
"D",2023,150.009662409709
"D",2023,137.213233825111
"D",2023,147.084015429735
"D",2023,143.281247274172
"D",2023,154.696269355119
"D",2023,144.123844338062
"D",2023,147.643676884836
"D",2023,141.22632601465
"D",2023,143.61420833897
"D",2023,128.136360262542
"D",2023,137.347634019428
"D",2023,145.663654820802
"D",2023,138.558976200513
"D",2023,140.890971130451
"D",2023,138.552953508438
"D",2023,137.198020983903
"D",2024,144.01785813408
"D",2024,147.458781850277
"D",2024,152.929011329614
"D",2024,140.933878763178
"D",2024,140.758088724448
"D",2024,147.89531050423
"D",2024,152.150298424435
"D",2024,144.878442347471
"D",2024,146.344180800109
"D",2024,142.637233416451
"D",2024,137.110697165565
"D",2024,144.256581464095
"D",2024,147.646376963961
"D",2024,136.020743864883
"D",2024,145.29896439689
"D",2024,147.270156941932
"D",2024,136.722238739366
"D",2024,129.948107106203
"D",2024,146.017290883612
"D",2024,121.024756318795
"D",2024,139.102166547106
"D",2024,140.684697340196
"D",2024,138.120451868502
"D",2024,136.107028591852
"D",2024,132.228965613789
"D",2024,133.684404899506
"D",2024,148.290055505121
"D",2024,137.461331664298
"D",2024,131.659622500753
"D",2024,137.41755104523
"D",2024,142.066370798694
"D",2024,147.068883271037
"D",2024,144.587303448027
"D",2024,134.884559232392
"D",2024,136.916240988794
"D",2025,138.034361775337
"D",2025,142.196484394366
"D",2025,138.665498917511
"D",2025,129.285360329662
"D",2025,146.91450955713
"D",2025,146.026728405705
"D",2025,144.348423318513
"D",2025,143.174610217859
"D",2025,137.61404200173
"D",2025,144.538350033921
"D",2025,153.230423335854
"D",2025,136.105308022082
"D",2025,140.493525739331
"D",2025,137.556755368002
"D",2025,133.167100330764
"D",2025,136.973015889003
"D",2025,138.570487235761
"D",2025,146.355598288459
"D",2025,145.815443620466
"D",2025,138.822260325171
"D",2025,139.717086146449
"D",2025,133.874955625963
"D",2025,138.215918476392
"D",2025,136.133116698346
"D",2025,134.317643485977
"D",2025,139.393525804174
"D",2025,136.706787661426
"D",2025,139.320162972806
"D",2025,144.27147316234
"D",2025,139.644888493751
"D",2025,142.731195077242
"D",2025,146.816512671338
"D",2025,147.868011991794
"D",2025,139.657481060989
"D",2025,132.984054263151
"E",2010,110.6260333655
"E",2010,114.839070914944
"E",2010,109.040414808579
"E",2010,115.28433707856
"E",2010,120.205017811436
"E",2010,124.674415762318
"E",2010,109.725865795021
"E",2010,128.507576762447
"E",2010,114.198365437904
"E",2010,125.17467995673
"E",2010,125.282144238539
"E",2010,135.023833144908
"E",2010,120.673990376904
"E",2010,120.136630520001
"E",2010,122.796963653506
"E",2010,123.95283591017
"E",2010,118.9224371274
"E",2010,114.845928371546
"E",2010,116.93836510013
"E",2010,116.427132895299
"E",2010,116.809539534846
"E",2010,117.966362218622
"E",2010,118.119761775542
"E",2010,128.821429743463
"E",2010,126.017816559957
"E",2010,115.879900981083
"E",2010,115.038082840911
"E",2010,115.043949940654
"E",2010,112.193752890709
"E",2010,118.677466946264
"E",2010,119.967017462105
"E",2010,121.128933819478
"E",2010,128.246881556538
"E",2010,107.690994668373
"E",2010,126.899441119594
"E",2010,120.735725655249
"E",2010,118.071549165102
"E",2010,123.557782244903
"E",2010,119.137331211832
"E",2010,127.839024821489
"E",2011,123.251003246928
"E",2011,111.791441280173
"E",2011,131.603441118755
"E",2011,117.240617968429
"E",2011,122.172189821743
"E",2011,110.292712886466
"E",2011,120.345488733183
"E",2011,110.926110501699
"E",2011,114.840682925347
"E",2011,116.606069835148
"E",2011,127.923833230008
"E",2011,110.769217734048
"E",2011,130.276193082105
"E",2011,114.751837593309
"E",2011,119.206756424142
"E",2011,124.605208141292
"E",2011,119.3402482195
"E",2011,128.465910285533
"E",2011,128.635986484989
"E",2011,123.865380487362
"E",2011,126.726104998993
"E",2011,127.343970799747
"E",2011,123.752635582721
"E",2011,132.962434527075
"E",2011,137.1666147952
"E",2011,128.44965128136
"E",2011,132.505104480529
"E",2011,116.130881893337
"E",2011,117.015552326324
"E",2011,113.038210156562
"E",2011,144.78738855169
"E",2011,116.55706687619
"E",2011,123.090842857927
"E",2011,123.453711295194
"E",2011,117.242553810922
"E",2011,113.499215193089
"E",2011,126.055431051811
"E",2011,128.07907717352
"E",2011,110.621884874031
"E",2011,132.043144715624
"E",2012,131.959479717672
"E",2012,124.256186881586
"E",2012,131.313481371529
"E",2012,109.397708445036
"E",2012,119.639741267949
"E",2012,120.652098473723
"E",2012,104.149625753927
"E",2012,108.881379221087
"E",2012,117.924738275419
"E",2012,110.737310285745
"E",2012,111.659311459308
"E",2012,126.119476654261
"E",2012,123.394502276748
"E",2012,111.524755951334
"E",2012,109.809645775322
"E",2012,130.533970874385
"E",2012,130.615097743193
"E",2012,130.736132051655
"E",2012,134.684709765192
"E",2012,109.164960064825
"E",2012,132.352166760124
"E",2012,122.283425548901
"E",2012,129.997938169043
"E",2012,126.215288856495
"E",2012,124.378336420859
"E",2012,118.320427401582
"E",2012,133.325993691147
"E",2012,125.040955517823
"E",2012,125.088562845396
"E",2012,132.904279453892
"E",2012,128.835583543769
"E",2012,121.70480642288
"E",2012,119.262200174011
"E",2012,120.580235836127
"E",2012,122.325353194143
"E",2012,111.995719367081
"E",2012,124.289312323802
"E",2012,114.577595970451
"E",2012,128.500286811287
"E",2012,120.824094389967
"E",2012,128.126350197173
"E",2013,127.76009917044
"E",2013,128.745713717303
"E",2013,118.290053634399
"E",2013,116.040664502923
"E",2013,118.385748132491
"E",2013,124.234438080906
"E",2013,118.04452940715
"E",2013,131.865953651526
"E",2013,113.032805113398
"E",2013,122.929917451432
"E",2013,119.12151474013
"E",2013,116.181618254622
"E",2013,125.240064840952
"E",2013,123.105007428285
"E",2013,122.164174671829
"E",2013,124.561351808747
"E",2013,119.861353385497
"E",2013,122.30582706837
"E",2013,120.513598912807
"E",2013,117.871582573802
"E",2013,127.035629726395
"E",2013,125.986238431575
"E",2013,130.169071101015
"E",2013,123.15898488943
"E",2013,119.667599033718
"E",2013,121.621441893763
"E",2013,130.563494179831
"E",2013,122.214758874986
"E",2013,112.576397958265
"E",2013,124.774071657639
"E",2013,116.861010588914
"E",2013,113.564332096745
"E",2013,111.465705133886
"E",2013,121.31038486636
"E",2013,122.409974469852
"E",2013,124.006775694601
"E",2013,133.278706671391
"E",2013,118.954939107425
"E",2013,120.036066610251
"E",2013,111.24737215023
"E",2014,122.98039734017
"E",2014,117.573481737951
"E",2014,132.260199243097
"E",2014,136.261048815215
"E",2014,120.071303650168
"E",2014,118.46967008506
"E",2014,119.167064844794
"E",2014,128.165540580036
"E",2014,121.496599552384
"E",2014,119.9757022472
"E",2014,122.179217597987
"E",2014,130.45630988155
"E",2014,127.800232360912
"E",2014,125.048031110795
"E",2014,108.758972766546
"E",2014,113.47081662787
"E",2014,122.601031879728
"E",2014,130.673246463076
"E",2014,120.358520241765
"E",2014,118.962002883307
"E",2014,127.274816780251
"E",2014,107.914062798327
"E",2014,135.193256887957
"E",2014,116.478784502151
"E",2014,107.969323724349
"E",2014,124.455293310043
"E",2014,118.253041477809
"E",2014,114.101228488378
"E",2014,124.079146703041
"E",2014,121.759937630953
"E",2014,132.032550459176
"E",2014,120.572103350354
"E",2014,119.631526505253
"E",2014,108.983611887537
"E",2014,125.187376240429
"E",2014,133.5285262416
"E",2014,116.299604366564
"E",2014,124.732112615904
"E",2014,130.112682252681
"E",2014,127.006970561877
"E",2015,119.89331267456
"E",2015,113.692270021332
"E",2015,130.933150607876
"E",2015,117.441121433861
"E",2015,126.47237135116
"E",2015,128.311214744605
"E",2015,126.779487172431
"E",2015,120.784342298269
"E",2015,130.995397798527
"E",2015,124.292714619174
"E",2015,125.312586096477
"E",2015,124.174875685886
"E",2015,124.108790544935
"E",2015,126.296412215271
"E",2015,126.734598143269
"E",2015,121.045978737453
"E",2015,127.433209787905
"E",2015,121.160102191117
"E",2015,122.644889406673
"E",2015,113.619359376123
"E",2015,128.274319547934
"E",2015,117.63280482444
"E",2015,116.02628867736
"E",2015,120.500938730563
"E",2015,115.348177825557
"E",2015,116.474994078341
"E",2015,120.757216734127
"E",2015,122.495124970063
"E",2015,121.242119605317
"E",2015,127.880660000718
"E",2015,119.166020182912
"E",2015,125.745265511749
"E",2015,116.461333870031
"E",2015,126.512252107546
"E",2015,120.811118477252
"E",2015,121.684848137633
"E",2015,119.444341271648
"E",2015,125.711103809153
"E",2015,115.265200778546
"E",2016,124.277527043868
"E",2016,125.660260371006
"E",2016,120.57991972816
"E",2016,130.585006224092
"E",2016,120.360165255629
"E",2016,112.005377348546
"E",2016,123.609801997822
"E",2016,124.934530411707
"E",2016,126.606592191845
"E",2016,121.301825246512
"E",2016,124.175958726798
"E",2016,114.692466774018
"E",2016,129.080685539373
"E",2016,125.608803017323
"E",2016,129.071240746084
"E",2016,123.006694824575
"E",2016,114.615179288769
"E",2016,117.844418677092
"E",2016,112.385471193358
"E",2016,110.59206685629
"E",2016,124.280081383698
"E",2016,124.417048547639
"E",2016,122.99215849585
"E",2016,135.630192196103
"E",2016,127.678595279971
"E",2016,118.174513087263
"E",2016,119.150694089018
"E",2016,119.480527791481
"E",2016,128.228241283548
"E",2016,129.989801796782
"E",2016,119.80541240406
"E",2016,128.480808978194
"E",2016,118.29970540584
"E",2016,123.647149202789
"E",2016,130.463867552198
"E",2016,114.96858927322
"E",2016,125.244795345098
"E",2016,113.789245264866
"E",2017,127.119508771837
"E",2017,119.273076605428
"E",2017,147.003141160122
"E",2017,121.672927723963
"E",2017,126.721404086793
"E",2017,130.578930290838
"E",2017,118.272542213409
"E",2017,111.113793055935
"E",2017,121.179210387033
"E",2017,126.946874257863
"E",2017,116.581592410002
"E",2017,122.870234242761
"E",2017,118.397377869618
"E",2017,121.169324560777
"E",2017,118.465691846668
"E",2017,113.651655620408
"E",2017,109.904391065907
"E",2017,120.852067235599
"E",2017,123.542083223929
"E",2017,125.74783019713
"E",2017,132.357305209516
"E",2017,136.842469938745
"E",2017,118.847051874397
"E",2017,119.0267765995
"E",2017,116.019026743378
"E",2017,113.766154358608
"E",2017,115.697573447433
"E",2017,119.790224074893
"E",2017,118.163014331581
"E",2017,125.636067034148
"E",2017,120.398410473239
"E",2017,114.90730975098
"E",2017,136.696673381153
"E",2017,120.892203419024
"E",2017,117.314474557993
"E",2017,135.370771062854
"E",2017,118.762697989542
"E",2017,129.694703512722
"E",2017,117.934161809894
"E",2017,119.493465652401
"E",2018,133.302344126559
"E",2018,131.876624053434
"E",2018,130.719714178716
"E",2018,123.145104722921
"E",2018,121.97686818123
"E",2018,125.154933248134
"E",2018,121.128721970359
"E",2018,130.492345854501
"E",2018,131.771362863408
"E",2018,133.421830274934
"E",2018,123.151764919483
"E",2018,127.779557675377
"E",2018,120.817943254558
"E",2018,133.216373596291
"E",2018,135.139482772762
"E",2018,137.211060437624
"E",2018,123.738918317465
"E",2018,128.839127762085
"E",2018,121.629685795366
"E",2018,126.354573416732
"E",2018,125.729058735271
"E",2018,121.291455187696
"E",2018,129.499440920791
"E",2018,130.191758926767
"E",2018,128.715748874105
"E",2018,121.065946529203
"E",2018,124.760602856936
"E",2018,125.16278374927
"E",2018,131.316435653654
"E",2018,127.132752614979
"E",2018,128.100542452277
"E",2018,114.00289698615
"E",2018,128.556876943334
"E",2018,134.230283721786
"E",2018,127.668355617308
"E",2018,131.250807738197
"E",2018,116.846005931747
"E",2018,126.687908901002
"E",2018,118.987543772081
"E",2018,136.420066575797
"E",2019,128.402141676227
"E",2019,128.474336058921
"E",2019,135.683121626439
"E",2019,127.612967790499
"E",2019,123.97838039373
"E",2019,123.283114694262
"E",2019,124.809196899314
"E",2019,128.299409651039
"E",2019,127.98616833616
"E",2019,122.803245999467
"E",2019,130.94276849312
"E",2019,131.083383067961
"E",2019,120.029988333701
"E",2019,127.78909259515
"E",2019,127.44592170651
"E",2019,126.801278619583
"E",2019,124.786541238894
"E",2019,129.353177319691
"E",2019,116.300031278212
"E",2019,125.728656766165
"E",2019,130.969588438948
"E",2019,127.782168190715
"E",2019,130.287877541183
"E",2019,127.23337583453
"E",2019,109.817752053969
"E",2019,129.427235582407
"E",2019,134.985389152418
"E",2019,124.695648561184
"E",2019,129.976781115821
"E",2019,125.270334327904
"E",2019,121.519138482596
"E",2019,127.190790680276
"E",2019,130.143651121904
"E",2019,121.347816028284
"E",2019,123.720917045702
"E",2019,121.941131399167
"E",2019,129.450040063902
"E",2019,126.695707523673
"E",2019,125.714141187731
"E",2020,128.910815586612
"E",2020,135.521682620033
"E",2020,135.081049056101
"E",2020,122.969795604496
"E",2020,121.831468656807
"E",2020,135.097912260456
"E",2020,130.587029059708
"E",2020,119.167961980252
"E",2020,124.159639555872
"E",2020,118.05409559547
"E",2020,125.323234817907
"E",2020,126.907696297491
"E",2020,133.202920358321
"E",2020,128.790794380156
"E",2020,123.435353931785
"E",2020,128.182403789005
"E",2020,124.905924159398
"E",2020,126.512624480455
"E",2020,130.65657745093
"E",2020,128.114439745991
"E",2021,129.370474417477
"E",2021,121.271729771345
"E",2021,132.750215718247
"E",2021,138.21713731851
"E",2021,122.523693660728
"E",2021,118.297821498525
"E",2021,126.946895677454
"E",2021,123.444041922492
"E",2021,136.985960413125
"E",2021,132.899122883716
"E",2021,116.411606159343
"E",2021,113.509154278878
"E",2021,128.206765439553
"E",2021,120.689687586769
"E",2021,125.701213370855
"E",2021,126.035751753545
"E",2021,136.235805901345
"E",2021,109.459762310041
"E",2021,131.03689965869
"E",2021,123.406174194553
"E",2021,126.42465869765
"E",2021,127.59857603155
"E",2021,129.440442648957
"E",2021,125.026465446579
"E",2021,130.226207393235
"E",2021,125.39759101778
"E",2021,134.11781698981
"E",2021,127.075610193016
"E",2021,128.668170998908
"E",2021,121.38009943561
"E",2021,128.953903445524
"E",2021,126.939009848787
"E",2021,123.149697092359
"E",2021,115.834468643028
"E",2021,133.502487901113
"E",2021,128.474362548123
"E",2021,126.66770290614
"E",2021,125.392955719945
"E",2021,130.43415995087
"E",2021,127.923828245019
"E",2022,124.997405598831
"E",2022,133.063378866267
"E",2022,132.355080698444
"E",2022,127.303288458172
"E",2022,131.635869250572
"E",2022,131.005629758482
"E",2022,130.603857968226
"E",2022,129.425312371374
"E",2022,124.339206287921
"E",2022,116.821783132749
"E",2022,131.53530841663
"E",2022,131.848418180738
"E",2022,127.237788771761
"E",2022,129.388322993069
"E",2022,126.045371536006
"E",2022,118.17131589924
"E",2022,123.24076500858
"E",2022,130.698862185577
"E",2022,128.770137451832
"E",2022,129.810311459318
"E",2022,130.009592173059
"E",2022,122.23596907131
"E",2022,124.01434523888
"E",2022,123.718765086251
"E",2022,128.24087690208
"E",2022,130.095695486188
"E",2022,124.633449221453
"E",2022,126.651831239967
"E",2022,125.24023634878
"E",2022,132.206042989971
"E",2022,129.658222071897
"E",2022,133.832460053321
"E",2022,124.086166642488
"E",2022,131.956674312762
"E",2022,128.448889186411
"E",2022,133.84095147083
"E",2022,132.432692480446
"E",2022,126.869312477213
"E",2022,133.328826086583
"E",2022,128.117033869454
"E",2023,138.924761630372
"E",2023,122.248524079628
"E",2023,136.848575904838
"E",2023,132.472367103588
"E",2023,138.620145344864
"E",2023,120.601485343615
"E",2023,136.046296266517
"E",2023,140.984558732205
"E",2023,129.47585339023
"E",2023,133.538144598391
"E",2023,123.603453456188
"E",2023,139.459033192295
"E",2023,127.697481026837
"E",2023,136.766099221938
"E",2023,120.909244545768
"E",2023,126.613097161812
"E",2023,128.031927577939
"E",2023,125.098121034675
"E",2023,142.554726951994
"E",2023,120.85964128758
"E",2023,125.11192763264
"E",2023,118.158420427796
"E",2023,136.308507153446
"E",2023,119.230138204642
"E",2023,122.443945806301
"E",2023,123.690330604632
"E",2023,128.701732643388
"E",2023,130.574414081642
"E",2023,131.7982683237
"E",2023,129.387772691441
"E",2023,125.787453836637
"E",2023,129.250086208421
"E",2023,127.63857991275
"E",2023,131.989334735542
"E",2023,121.471612094077
"E",2023,133.77532227597
"E",2023,140.647884388099
"E",2023,138.050970268885
"E",2023,126.116704742779
"E",2023,125.536871517325
"E",2023,137.072216334887
"E",2024,127.00448245276
"E",2024,136.370006130324
"E",2024,130.248061174349
"E",2024,132.156742098314
"E",2024,111.08677556475
"E",2024,131.459892034195
"E",2024,131.442618594976
"E",2024,147.511040059294
"E",2024,139.003823292485
"E",2024,128.748449297456
"E",2024,132.285110085062
"E",2024,132.468468076806
"E",2024,126.846473960871
"E",2024,132.997251572436
"E",2024,131.320638379481
"E",2024,131.796893050219
"E",2024,135.084165887047
"E",2024,135.793455113395
"E",2024,136.059958151258
"E",2024,137.609942988245
"E",2024,125.272052866954
"E",2024,132.953084296178
"E",2024,123.254294534012
"E",2024,132.506965591757
"E",2024,120.733804556246
"E",2024,130.433233894972
"E",2024,121.690541055027
"E",2024,130.52850885366
"E",2024,122.938708285412
"E",2024,140.270617428616
"E",2024,123.785748589569
"E",2024,124.480304905013
"E",2024,148.027899321214
"E",2024,146.957590601563
"E",2024,133.00910264743
"E",2024,130.73114073561
"E",2024,113.148839690654
"E",2024,117.727964155084
"E",2024,132.974913547198
"E",2024,127.131708027707
"E",2025,144.859639635674
"E",2025,129.097201436022
"E",2025,129.802526612033
"E",2025,123.53754187558
"E",2025,136.435648271193
"E",2025,131.749084635065
"E",2025,134.028217872982
"E",2025,139.238825323959
"E",2025,134.216628693803
"E",2025,125.092383215123
"E",2025,131.741334957366
"E",2025,123.828888423065
"E",2025,121.905458378545
"E",2025,127.230714426016
"E",2025,130.570028942378
"E",2025,129.332742919013
"E",2025,135.493964749348
"E",2025,129.267842850241
"E",2025,135.964811859332
"E",2025,130.953976832861
"E",2025,134.442227472552
"E",2025,133.250794286077
"E",2025,130.003395853946
"E",2025,125.418832522773
"E",2025,133.52451723171
"E",2025,134.144880289373
"E",2025,128.923156756241
"E",2025,131.353933734177
"E",2025,145.282588788375
"E",2025,140.395704202068
"E",2025,126.089529692118
"E",2025,120.801723365036
"E",2025,140.808661989737
"E",2025,139.136654264308
"E",2025,133.341146293833
"E",2025,129.762601922222
"E",2025,126.144012175721
"E",2025,125.808569137877
"E",2025,136.889404612841
"F",2010,134.846436820403
"F",2010,115.921690125678
"F",2010,125.539409423463
"F",2010,129.647575264884
"F",2010,121.096793559893
"F",2010,130.208578650213
"F",2010,129.635144937833
"F",2010,138.085161244107
"F",2010,128.976490719482
"F",2010,129.394827716931
"F",2011,129.860441207187
"F",2011,136.29614258457
"F",2011,138.805462833658
"F",2011,127.819602885851
"F",2011,137.536836112215
"F",2011,131.130265763238
"F",2011,135.836106320416
"F",2011,124.261668825211
"F",2011,136.821905416729
"F",2011,129.462551627614
"F",2012,130.833329512259
"F",2012,126.981265450216
"F",2012,144.833535632223
"F",2012,136.744672468314
"F",2012,133.948450884296
"F",2012,126.366358312544
"F",2012,134.335627348771
"F",2012,146.110472621742
"F",2012,135.50627472685
"F",2012,131.068160951815
"F",2013,132.518265107886
"F",2013,141.713680325122
"F",2013,133.374379176194
"F",2013,139.836915641812
"F",2013,128.453430092268
"F",2013,127.01148899914
"F",2013,138.274428091635
"F",2013,136.064089114332
"F",2013,135.624740204717
"F",2013,130.631289680625
"F",2014,142.808153567398
"F",2014,146.636324746386
"F",2014,149.680319316671
"F",2014,137.214936970583
"F",2014,142.543508988145
"F",2014,129.359320897735
"F",2014,144.633355242172
"F",2014,148.671333550514
"F",2014,129.233905213889
"F",2014,141.246349526176
"F",2015,126.7456738959
"F",2015,134.251028923259
"F",2015,144.567868624702
"F",2015,142.220038235381
"F",2015,131.302215428831
"F",2015,137.91868027728
"F",2015,133.375955938253
"F",2015,139.542305424328
"F",2015,124.889683920957
"F",2015,131.772953862046
"F",2015,142.529857020855
"F",2015,141.734234611573
"F",2016,139.848531657483
"F",2016,132.458696941945
"F",2016,140.055954141829
"F",2016,136.065183922593
"F",2016,134.87789845698
"F",2016,141.434890007149
"F",2016,127.695989470366
"F",2016,122.51380035556
"F",2016,137.100903023856
"F",2016,145.159347543213
"F",2017,141.162978639436
"F",2017,142.113468132307
"F",2017,130.206951607041
"F",2017,124.816419374522
"F",2017,130.208767201615
"F",2017,138.059690662176
"F",2017,129.869436219924
"F",2017,141.833624205966
"F",2017,130.249854659816
"F",2017,133.892395523135
"F",2018,138.658092844254
"F",2018,130.200885831388
"F",2018,143.303190392946
"F",2018,133.174779097864
"F",2018,137.605747887984
"F",2018,146.812442507107
"F",2018,139.039720301482
"F",2018,154.60462637079
"F",2018,147.06787966582
"F",2019,140.056331963067
"F",2019,137.252620791859
"F",2019,129.298898845547
"F",2019,140.161140671257
"F",2019,140.736566218502
"F",2019,128.472665067641
"F",2019,147.128163070504
"F",2019,128.375044922469
"F",2019,127.203551303965
"F",2019,137.140642614119
"F",2020,132.743336940156
"F",2020,133.651833780565
"F",2020,132.339332290242
"F",2020,133.773846923863
"F",2021,126.597132185685
"F",2021,136.613213673572
"F",2021,136.179211333894
"F",2021,135.907029027362
"F",2021,144.05902761478
"F",2021,135.336490387951
"F",2021,129.035506897388
"F",2021,132.698304897325
"F",2021,136.805096093453
"F",2021,125.902840235781
"F",2022,144.231044385587
"F",2022,130.805844196678
"F",2022,140.683111496993
"F",2022,131.503605753617
"F",2022,135.62511661162
"F",2022,131.322257271587
"F",2022,138.317619035936
"F",2022,125.672139748967
"F",2022,131.733582230466
"F",2022,131.514862643252
"F",2023,126.974265804833
"F",2023,123.009896093432
"F",2023,135.766298970143
"F",2023,120.304971357776
"F",2023,138.069601987833
"F",2023,131.163447790433
"F",2023,123.447828261183
"F",2023,130.11563131178
"F",2023,134.118515085528
"F",2023,124.035897126799
"F",2024,139.331124056155
"F",2024,130.104774723199
"F",2024,132.271905914064
"F",2024,145.053747224299
"F",2024,117.966636734368
"F",2024,126.934096583824
"F",2024,130.466630595242
"F",2024,140.673071053724
"F",2024,134.921593832083
"F",2024,128.859762865134
"F",2025,133.030786828067
"F",2025,129.699710356304
"F",2025,128.782890396812
"F",2025,129.846339849741
"F",2025,126.405352930585
"F",2025,134.976157659681
"F",2025,133.866024448976
"F",2025,123.689467247981
"F",2025,125.493895745165
"F",2025,125.496412506764
